"country_id","region_id","indicator_id","reference_period","value","unit","source_org","dataset","source_id","source_url","license","license_url","version","ingested_at"
"kr","kr","population_total","1960","25012374","person","World Bank","World Development Indicators","SP.POP.TOTL","https://data.worldbank.org/indicator/SP.POP.TOTL?locations=KR","CC BY 4.0","https://www.worldbank.org/en/about/legal/terms-of-use-for-datasets","wdi-sp-pop-totl-kor-2025-v1","2026-10-03T00:00:00.000Z"
"kr","kr","population_total","1961","25765673","person","World Bank","World Development Indicators","SP.POP.TOTL","https://data.worldbank.org/indicator/SP.POP.TOTL?locations=KR","CC BY 4.0","https://www.worldbank.org/en/about/legal/terms-of-use-for-datasets","wdi-sp-pop-totl-kor-2025-v1","2026-10-03T00:00:00.000Z"
"kr","kr","population_total","1962","26513030","person","World Bank","World Development Indicators","SP.POP.TOTL","https://data.worldbank.org/indicator/SP.POP.TOTL?locations=KR","CC BY 4.0","https://www.worldbank.org/en/about/legal/terms-of-use-for-datasets","wdi-sp-pop-totl-kor-2025-v1","2026-10-03T00:00:00.000Z"
"kr","kr","population_total","1963","27261747","person","World Bank","World Development Indicators","SP.POP.TOTL","https://data.worldbank.org/indicator/SP.POP.TOTL?locations=KR","CC BY 4.0","https://www.worldbank.org/en/about/legal/terms-of-use-for-datasets","wdi-sp-pop-totl-kor-2025-v1","2026-10-03T00:00:00.000Z"
"kr","kr","population_total","1964","27984155","person","World Bank","World Development Indicators","SP.POP.TOTL","https://data.worldbank.org/indicator/SP.POP.TOTL?locations=KR","CC BY 4.0","https://www.worldbank.org/en/about/legal/terms-of-use-for-datasets","wdi-sp-pop-totl-kor-2025-v1","2026-10-03T00:00:00.000Z"
"kr","kr","population_total","1965","28704674","person","World Bank","World Development Indicators","SP.POP.TOTL","https://data.worldbank.org/indicator/SP.POP.TOTL?locations=KR","CC BY 4.0","https://www.worldbank.org/en/about/legal/terms-of-use-for-datasets","wdi-sp-pop-totl-kor-2025-v1","2026-10-03T00:00:00.000Z"
"kr","kr","population_total","1966","29435571","person","World Bank","World Development Indicators","SP.POP.TOTL","https://data.worldbank.org/indicator/SP.POP.TOTL?locations=KR","CC BY 4.0","https://www.worldbank.org/en/about/legal/terms-of-use-for-datasets","wdi-sp-pop-totl-kor-2025-v1","2026-10-03T00:00:00.000Z"
"kr","kr","population_total","1967","30130983","person","World Bank","World Development Indicators","SP.POP.TOTL","https://data.worldbank.org/indicator/SP.POP.TOTL?locations=KR","CC BY 4.0","https://www.worldbank.org/en/about/legal/terms-of-use-for-datasets","wdi-sp-pop-totl-kor-2025-v1","2026-10-03T00:00:00.000Z"
"kr","kr","population_total","1968","30838302","person","World Bank","World Development Indicators","SP.POP.TOTL","https://data.worldbank.org/indicator/SP.POP.TOTL?locations=KR","CC BY 4.0","https://www.worldbank.org/en/about/legal/terms-of-use-for-datasets","wdi-sp-pop-totl-kor-2025-v1","2026-10-03T00:00:00.000Z"
"kr","kr","population_total","1969","31544266","person","World Bank","World Development Indicators","SP.POP.TOTL","https://data.worldbank.org/indicator/SP.POP.TOTL?locations=KR","CC BY 4.0","https://www.worldbank.org/en/about/legal/terms-of-use-for-datasets","wdi-sp-pop-totl-kor-2025-v1","2026-10-03T00:00:00.000Z"
"kr","kr","population_total","1970","32240827","person","World Bank","World Development Indicators","SP.POP.TOTL","https://data.worldbank.org/indicator/SP.POP.TOTL?locations=KR","CC BY 4.0","https://www.worldbank.org/en/about/legal/terms-of-use-for-datasets","wdi-sp-pop-totl-kor-2025-v1","2026-10-03T00:00:00.000Z"
"kr","kr","population_total","1971","32882704","person","World Bank","World Development Indicators","SP.POP.TOTL","https://data.worldbank.org/indicator/SP.POP.TOTL?locations=KR","CC BY 4.0","https://www.worldbank.org/en/about/legal/terms-of-use-for-datasets","wdi-sp-pop-totl-kor-2025-v1","2026-10-03T00:00:00.000Z"
"kr","kr","population_total","1972","33505406","person","World Bank","World Development Indicators","SP.POP.TOTL","https://data.worldbank.org/indicator/SP.POP.TOTL?locations=KR","CC BY 4.0","https://www.worldbank.org/en/about/legal/terms-of-use-for-datasets","wdi-sp-pop-totl-kor-2025-v1","2026-10-03T00:00:00.000Z"
"kr","kr","population_total","1973","34103149","person","World Bank","World Development Indicators","SP.POP.TOTL","https://data.worldbank.org/indicator/SP.POP.TOTL?locations=KR","CC BY 4.0","https://www.worldbank.org/en/about/legal/terms-of-use-for-datasets","wdi-sp-pop-totl-kor-2025-v1","2026-10-03T00:00:00.000Z"
"kr","kr","population_total","1974","34692266","person","World Bank","World Development Indicators","SP.POP.TOTL","https://data.worldbank.org/indicator/SP.POP.TOTL?locations=KR","CC BY 4.0","https://www.worldbank.org/en/about/legal/terms-of-use-for-datasets","wdi-sp-pop-totl-kor-2025-v1","2026-10-03T00:00:00.000Z"
"kr","kr","population_total","1975","35280725","person","World Bank","World Development Indicators","SP.POP.TOTL","https://data.worldbank.org/indicator/SP.POP.TOTL?locations=KR","CC BY 4.0","https://www.worldbank.org/en/about/legal/terms-of-use-for-datasets","wdi-sp-pop-totl-kor-2025-v1","2026-10-03T00:00:00.000Z"
"kr","kr","population_total","1976","35848523","person","World Bank","World Development Indicators","SP.POP.TOTL","https://data.worldbank.org/indicator/SP.POP.TOTL?locations=KR","CC BY 4.0","https://www.worldbank.org/en/about/legal/terms-of-use-for-datasets","wdi-sp-pop-totl-kor-2025-v1","2026-10-03T00:00:00.000Z"
"kr","kr","population_total","1977","36411795","person","World Bank","World Development Indicators","SP.POP.TOTL","https://data.worldbank.org/indicator/SP.POP.TOTL?locations=KR","CC BY 4.0","https://www.worldbank.org/en/about/legal/terms-of-use-for-datasets","wdi-sp-pop-totl-kor-2025-v1","2026-10-03T00:00:00.000Z"
"kr","kr","population_total","1978","36969185","person","World Bank","World Development Indicators","SP.POP.TOTL","https://data.worldbank.org/indicator/SP.POP.TOTL?locations=KR","CC BY 4.0","https://www.worldbank.org/en/about/legal/terms-of-use-for-datasets","wdi-sp-pop-totl-kor-2025-v1","2026-10-03T00:00:00.000Z"
"kr","kr","population_total","1979","37534236","person","World Bank","World Development Indicators","SP.POP.TOTL","https://data.worldbank.org/indicator/SP.POP.TOTL?locations=KR","CC BY 4.0","https://www.worldbank.org/en/about/legal/terms-of-use-for-datasets","wdi-sp-pop-totl-kor-2025-v1","2026-10-03T00:00:00.000Z"
"kr","kr","population_total","1980","38123775","person","World Bank","World Development Indicators","SP.POP.TOTL","https://data.worldbank.org/indicator/SP.POP.TOTL?locations=KR","CC BY 4.0","https://www.worldbank.org/en/about/legal/terms-of-use-for-datasets","wdi-sp-pop-totl-kor-2025-v1","2026-10-03T00:00:00.000Z"
"kr","kr","population_total","1981","38723248","person","World Bank","World Development Indicators","SP.POP.TOTL","https://data.worldbank.org/indicator/SP.POP.TOTL?locations=KR","CC BY 4.0","https://www.worldbank.org/en/about/legal/terms-of-use-for-datasets","wdi-sp-pop-totl-kor-2025-v1","2026-10-03T00:00:00.000Z"
"kr","kr","population_total","1982","39326352","person","World Bank","World Development Indicators","SP.POP.TOTL","https://data.worldbank.org/indicator/SP.POP.TOTL?locations=KR","CC BY 4.0","https://www.worldbank.org/en/about/legal/terms-of-use-for-datasets","wdi-sp-pop-totl-kor-2025-v1","2026-10-03T00:00:00.000Z"
"kr","kr","population_total","1983","39910403","person","World Bank","World Development Indicators","SP.POP.TOTL","https://data.worldbank.org/indicator/SP.POP.TOTL?locations=KR","CC BY 4.0","https://www.worldbank.org/en/about/legal/terms-of-use-for-datasets","wdi-sp-pop-totl-kor-2025-v1","2026-10-03T00:00:00.000Z"
"kr","kr","population_total","1984","40405956","person","World Bank","World Development Indicators","SP.POP.TOTL","https://data.worldbank.org/indicator/SP.POP.TOTL?locations=KR","CC BY 4.0","https://www.worldbank.org/en/about/legal/terms-of-use-for-datasets","wdi-sp-pop-totl-kor-2025-v1","2026-10-03T00:00:00.000Z"
"kr","kr","population_total","1985","40805744","person","World Bank","World Development Indicators","SP.POP.TOTL","https://data.worldbank.org/indicator/SP.POP.TOTL?locations=KR","CC BY 4.0","https://www.worldbank.org/en/about/legal/terms-of-use-for-datasets","wdi-sp-pop-totl-kor-2025-v1","2026-10-03T00:00:00.000Z"
"kr","kr","population_total","1986","41213674","person","World Bank","World Development Indicators","SP.POP.TOTL","https://data.worldbank.org/indicator/SP.POP.TOTL?locations=KR","CC BY 4.0","https://www.worldbank.org/en/about/legal/terms-of-use-for-datasets","wdi-sp-pop-totl-kor-2025-v1","2026-10-03T00:00:00.000Z"
"kr","kr","population_total","1987","41621690","person","World Bank","World Development Indicators","SP.POP.TOTL","https://data.worldbank.org/indicator/SP.POP.TOTL?locations=KR","CC BY 4.0","https://www.worldbank.org/en/about/legal/terms-of-use-for-datasets","wdi-sp-pop-totl-kor-2025-v1","2026-10-03T00:00:00.000Z"
"kr","kr","population_total","1988","42031247","person","World Bank","World Development Indicators","SP.POP.TOTL","https://data.worldbank.org/indicator/SP.POP.TOTL?locations=KR","CC BY 4.0","https://www.worldbank.org/en/about/legal/terms-of-use-for-datasets","wdi-sp-pop-totl-kor-2025-v1","2026-10-03T00:00:00.000Z"
"kr","kr","population_total","1989","42449038","person","World Bank","World Development Indicators","SP.POP.TOTL","https://data.worldbank.org/indicator/SP.POP.TOTL?locations=KR","CC BY 4.0","https://www.worldbank.org/en/about/legal/terms-of-use-for-datasets","wdi-sp-pop-totl-kor-2025-v1","2026-10-03T00:00:00.000Z"
"kr","kr","population_total","1990","42869283","person","World Bank","World Development Indicators","SP.POP.TOTL","https://data.worldbank.org/indicator/SP.POP.TOTL?locations=KR","CC BY 4.0","https://www.worldbank.org/en/about/legal/terms-of-use-for-datasets","wdi-sp-pop-totl-kor-2025-v1","2026-10-03T00:00:00.000Z"
"kr","kr","population_total","1991","43295704","person","World Bank","World Development Indicators","SP.POP.TOTL","https://data.worldbank.org/indicator/SP.POP.TOTL?locations=KR","CC BY 4.0","https://www.worldbank.org/en/about/legal/terms-of-use-for-datasets","wdi-sp-pop-totl-kor-2025-v1","2026-10-03T00:00:00.000Z"
"kr","kr","population_total","1992","43747962","person","World Bank","World Development Indicators","SP.POP.TOTL","https://data.worldbank.org/indicator/SP.POP.TOTL?locations=KR","CC BY 4.0","https://www.worldbank.org/en/about/legal/terms-of-use-for-datasets","wdi-sp-pop-totl-kor-2025-v1","2026-10-03T00:00:00.000Z"
"kr","kr","population_total","1993","44194628","person","World Bank","World Development Indicators","SP.POP.TOTL","https://data.worldbank.org/indicator/SP.POP.TOTL?locations=KR","CC BY 4.0","https://www.worldbank.org/en/about/legal/terms-of-use-for-datasets","wdi-sp-pop-totl-kor-2025-v1","2026-10-03T00:00:00.000Z"
"kr","kr","population_total","1994","44641540","person","World Bank","World Development Indicators","SP.POP.TOTL","https://data.worldbank.org/indicator/SP.POP.TOTL?locations=KR","CC BY 4.0","https://www.worldbank.org/en/about/legal/terms-of-use-for-datasets","wdi-sp-pop-totl-kor-2025-v1","2026-10-03T00:00:00.000Z"
"kr","kr","population_total","1995","45092991","person","World Bank","World Development Indicators","SP.POP.TOTL","https://data.worldbank.org/indicator/SP.POP.TOTL?locations=KR","CC BY 4.0","https://www.worldbank.org/en/about/legal/terms-of-use-for-datasets","wdi-sp-pop-totl-kor-2025-v1","2026-10-03T00:00:00.000Z"
"kr","kr","population_total","1996","45524681","person","World Bank","World Development Indicators","SP.POP.TOTL","https://data.worldbank.org/indicator/SP.POP.TOTL?locations=KR","CC BY 4.0","https://www.worldbank.org/en/about/legal/terms-of-use-for-datasets","wdi-sp-pop-totl-kor-2025-v1","2026-10-03T00:00:00.000Z"
"kr","kr","population_total","1997","45953580","person","World Bank","World Development Indicators","SP.POP.TOTL","https://data.worldbank.org/indicator/SP.POP.TOTL?locations=KR","CC BY 4.0","https://www.worldbank.org/en/about/legal/terms-of-use-for-datasets","wdi-sp-pop-totl-kor-2025-v1","2026-10-03T00:00:00.000Z"
"kr","kr","population_total","1998","46286503","person","World Bank","World Development Indicators","SP.POP.TOTL","https://data.worldbank.org/indicator/SP.POP.TOTL?locations=KR","CC BY 4.0","https://www.worldbank.org/en/about/legal/terms-of-use-for-datasets","wdi-sp-pop-totl-kor-2025-v1","2026-10-03T00:00:00.000Z"
"kr","kr","population_total","1999","46616677","person","World Bank","World Development Indicators","SP.POP.TOTL","https://data.worldbank.org/indicator/SP.POP.TOTL?locations=KR","CC BY 4.0","https://www.worldbank.org/en/about/legal/terms-of-use-for-datasets","wdi-sp-pop-totl-kor-2025-v1","2026-10-03T00:00:00.000Z"
"kr","kr","population_total","2000","47008111","person","World Bank","World Development Indicators","SP.POP.TOTL","https://data.worldbank.org/indicator/SP.POP.TOTL?locations=KR","CC BY 4.0","https://www.worldbank.org/en/about/legal/terms-of-use-for-datasets","wdi-sp-pop-totl-kor-2025-v1","2026-10-03T00:00:00.000Z"
"kr","kr","population_total","2001","47370164","person","World Bank","World Development Indicators","SP.POP.TOTL","https://data.worldbank.org/indicator/SP.POP.TOTL?locations=KR","CC BY 4.0","https://www.worldbank.org/en/about/legal/terms-of-use-for-datasets","wdi-sp-pop-totl-kor-2025-v1","2026-10-03T00:00:00.000Z"
"kr","kr","population_total","2002","47644736","person","World Bank","World Development Indicators","SP.POP.TOTL","https://data.worldbank.org/indicator/SP.POP.TOTL?locations=KR","CC BY 4.0","https://www.worldbank.org/en/about/legal/terms-of-use-for-datasets","wdi-sp-pop-totl-kor-2025-v1","2026-10-03T00:00:00.000Z"
"kr","kr","population_total","2003","47892330","person","World Bank","World Development Indicators","SP.POP.TOTL","https://data.worldbank.org/indicator/SP.POP.TOTL?locations=KR","CC BY 4.0","https://www.worldbank.org/en/about/legal/terms-of-use-for-datasets","wdi-sp-pop-totl-kor-2025-v1","2026-10-03T00:00:00.000Z"
"kr","kr","population_total","2004","48082519","person","World Bank","World Development Indicators","SP.POP.TOTL","https://data.worldbank.org/indicator/SP.POP.TOTL?locations=KR","CC BY 4.0","https://www.worldbank.org/en/about/legal/terms-of-use-for-datasets","wdi-sp-pop-totl-kor-2025-v1","2026-10-03T00:00:00.000Z"
"kr","kr","population_total","2005","48184561","person","World Bank","World Development Indicators","SP.POP.TOTL","https://data.worldbank.org/indicator/SP.POP.TOTL?locations=KR","CC BY 4.0","https://www.worldbank.org/en/about/legal/terms-of-use-for-datasets","wdi-sp-pop-totl-kor-2025-v1","2026-10-03T00:00:00.000Z"
"kr","kr","population_total","2006","48438292","person","World Bank","World Development Indicators","SP.POP.TOTL","https://data.worldbank.org/indicator/SP.POP.TOTL?locations=KR","CC BY 4.0","https://www.worldbank.org/en/about/legal/terms-of-use-for-datasets","wdi-sp-pop-totl-kor-2025-v1","2026-10-03T00:00:00.000Z"
"kr","kr","population_total","2007","48683638","person","World Bank","World Development Indicators","SP.POP.TOTL","https://data.worldbank.org/indicator/SP.POP.TOTL?locations=KR","CC BY 4.0","https://www.worldbank.org/en/about/legal/terms-of-use-for-datasets","wdi-sp-pop-totl-kor-2025-v1","2026-10-03T00:00:00.000Z"
"kr","kr","population_total","2008","49054708","person","World Bank","World Development Indicators","SP.POP.TOTL","https://data.worldbank.org/indicator/SP.POP.TOTL?locations=KR","CC BY 4.0","https://www.worldbank.org/en/about/legal/terms-of-use-for-datasets","wdi-sp-pop-totl-kor-2025-v1","2026-10-03T00:00:00.000Z"
"kr","kr","population_total","2009","49307835","person","World Bank","World Development Indicators","SP.POP.TOTL","https://data.worldbank.org/indicator/SP.POP.TOTL?locations=KR","CC BY 4.0","https://www.worldbank.org/en/about/legal/terms-of-use-for-datasets","wdi-sp-pop-totl-kor-2025-v1","2026-10-03T00:00:00.000Z"
"kr","kr","population_total","2010","49554112","person","World Bank","World Development Indicators","SP.POP.TOTL","https://data.worldbank.org/indicator/SP.POP.TOTL?locations=KR","CC BY 4.0","https://www.worldbank.org/en/about/legal/terms-of-use-for-datasets","wdi-sp-pop-totl-kor-2025-v1","2026-10-03T00:00:00.000Z"
"kr","kr","population_total","2011","49936638","person","World Bank","World Development Indicators","SP.POP.TOTL","https://data.worldbank.org/indicator/SP.POP.TOTL?locations=KR","CC BY 4.0","https://www.worldbank.org/en/about/legal/terms-of-use-for-datasets","wdi-sp-pop-totl-kor-2025-v1","2026-10-03T00:00:00.000Z"
"kr","kr","population_total","2012","50199853","person","World Bank","World Development Indicators","SP.POP.TOTL","https://data.worldbank.org/indicator/SP.POP.TOTL?locations=KR","CC BY 4.0","https://www.worldbank.org/en/about/legal/terms-of-use-for-datasets","wdi-sp-pop-totl-kor-2025-v1","2026-10-03T00:00:00.000Z"
"kr","kr","population_total","2013","50428893","person","World Bank","World Development Indicators","SP.POP.TOTL","https://data.worldbank.org/indicator/SP.POP.TOTL?locations=KR","CC BY 4.0","https://www.worldbank.org/en/about/legal/terms-of-use-for-datasets","wdi-sp-pop-totl-kor-2025-v1","2026-10-03T00:00:00.000Z"
"kr","kr","population_total","2014","50746659","person","World Bank","World Development Indicators","SP.POP.TOTL","https://data.worldbank.org/indicator/SP.POP.TOTL?locations=KR","CC BY 4.0","https://www.worldbank.org/en/about/legal/terms-of-use-for-datasets","wdi-sp-pop-totl-kor-2025-v1","2026-10-03T00:00:00.000Z"
"kr","kr","population_total","2015","51014947","person","World Bank","World Development Indicators","SP.POP.TOTL","https://data.worldbank.org/indicator/SP.POP.TOTL?locations=KR","CC BY 4.0","https://www.worldbank.org/en/about/legal/terms-of-use-for-datasets","wdi-sp-pop-totl-kor-2025-v1","2026-10-03T00:00:00.000Z"
"kr","kr","population_total","2016","51217803","person","World Bank","World Development Indicators","SP.POP.TOTL","https://data.worldbank.org/indicator/SP.POP.TOTL?locations=KR","CC BY 4.0","https://www.worldbank.org/en/about/legal/terms-of-use-for-datasets","wdi-sp-pop-totl-kor-2025-v1","2026-10-03T00:00:00.000Z"
"kr","kr","population_total","2017","51361911","person","World Bank","World Development Indicators","SP.POP.TOTL","https://data.worldbank.org/indicator/SP.POP.TOTL?locations=KR","CC BY 4.0","https://www.worldbank.org/en/about/legal/terms-of-use-for-datasets","wdi-sp-pop-totl-kor-2025-v1","2026-10-03T00:00:00.000Z"
"kr","kr","population_total","2018","51585058","person","World Bank","World Development Indicators","SP.POP.TOTL","https://data.worldbank.org/indicator/SP.POP.TOTL?locations=KR","CC BY 4.0","https://www.worldbank.org/en/about/legal/terms-of-use-for-datasets","wdi-sp-pop-totl-kor-2025-v1","2026-10-03T00:00:00.000Z"
"kr","kr","population_total","2019","51764822","person","World Bank","World Development Indicators","SP.POP.TOTL","https://data.worldbank.org/indicator/SP.POP.TOTL?locations=KR","CC BY 4.0","https://www.worldbank.org/en/about/legal/terms-of-use-for-datasets","wdi-sp-pop-totl-kor-2025-v1","2026-10-03T00:00:00.000Z"
"kr","kr","population_total","2020","51836239","person","World Bank","World Development Indicators","SP.POP.TOTL","https://data.worldbank.org/indicator/SP.POP.TOTL?locations=KR","CC BY 4.0","https://www.worldbank.org/en/about/legal/terms-of-use-for-datasets","wdi-sp-pop-totl-kor-2025-v1","2026-10-03T00:00:00.000Z"
"kr","kr","population_total","2021","51769539","person","World Bank","World Development Indicators","SP.POP.TOTL","https://data.worldbank.org/indicator/SP.POP.TOTL?locations=KR","CC BY 4.0","https://www.worldbank.org/en/about/legal/terms-of-use-for-datasets","wdi-sp-pop-totl-kor-2025-v1","2026-10-03T00:00:00.000Z"
"kr","kr","population_total","2022","51672569","person","World Bank","World Development Indicators","SP.POP.TOTL","https://data.worldbank.org/indicator/SP.POP.TOTL?locations=KR","CC BY 4.0","https://www.worldbank.org/en/about/legal/terms-of-use-for-datasets","wdi-sp-pop-totl-kor-2025-v1","2026-10-03T00:00:00.000Z"
"kr","kr","population_total","2023","51712619","person","World Bank","World Development Indicators","SP.POP.TOTL","https://data.worldbank.org/indicator/SP.POP.TOTL?locations=KR","CC BY 4.0","https://www.worldbank.org/en/about/legal/terms-of-use-for-datasets","wdi-sp-pop-totl-kor-2025-v1","2026-10-03T00:00:00.000Z"
"kr","kr","population_total","2024","51751065","person","World Bank","World Development Indicators","SP.POP.TOTL","https://data.worldbank.org/indicator/SP.POP.TOTL?locations=KR","CC BY 4.0","https://www.worldbank.org/en/about/legal/terms-of-use-for-datasets","wdi-sp-pop-totl-kor-2025-v1","2026-10-03T00:00:00.000Z"
"kr","kr","population_total","2025","51684564","person","World Bank","World Development Indicators","SP.POP.TOTL","https://data.worldbank.org/indicator/SP.POP.TOTL?locations=KR","CC BY 4.0","https://www.worldbank.org/en/about/legal/terms-of-use-for-datasets","wdi-sp-pop-totl-kor-2025-v1","2026-10-03T00:00:00.000Z"
